player_name,team,bbref_id,year_0,year_1,year_2,year_4,contract_length,total_contract_value,average_annual_value,current_year_salary,years_remaining
Damian Lillard,MIL,lillada01,68230450.0,13398800.0,14104000.0,54126450.0,3,95733250.0,31911083.333333332,68230450.0,2
Stephen Curry,GSW,curryst01,59606817.0,62587158.0,0.0,122193975.0,2,122193975.0,61096987.5,59606817.0,1
Bradley Beal,PHO,bealbr01,59020270.0,5621700.0,0.0,53666270.0,2,64641970.0,32320985.0,59020270.0,1
Nikola Jokić,DEN,jokicni01,55224526.0,59033114.0,62841702.0,114257640.0,3,177099342.0,59033114.0,55224526.0,2
Joel Embiid,PHI,embiijo01,55224526.0,58100000.0,62748000.0,176072526.0,3,176072526.0,58690842.0,55224526.0,2
Kevin Durant,HOU,duranke01,54708609.0,43902439.0,46097561.0,98611048.0,3,144708609.0,48236203.0,54708609.0,2
Jayson Tatum,BOS,tatumja01,54126450.0,58456566.0,62786682.0,242486496.0,3,175369698.0,58456566.0,54126450.0,2
Giannis Antetokounmpo,MIL,antetgi01,54126450.0,58456566.0,62786682.0,112583016.0,3,175369698.0,58456566.0,54126450.0,2
Jimmy Butler,GSW,butleji01,54126450.0,56832773.0,0.0,110959223.0,2,110959223.0,55479611.5,54126450.0,1
Anthony Davis,DAL,davisan02,54126450.0,58456566.0,62786682.0,112583016.0,3,175369698.0,58456566.0,54126450.0,2
Karl-Anthony Towns,NYK,townska01,53142264.0,57078728.0,61015192.0,110220992.0,3,171236184.0,57078728.0,53142264.0,2
Jaylen Brown,BOS,brownja02,53142264.0,57078728.0,61015192.0,236187840.0,3,171236184.0,57078728.0,53142264.0,2
Devin Booker,PHO,bookede01,53142264.0,57078728.0,61015192.0,235302136.0,3,171236184.0,57078728.0,53142264.0,2
LeBron James,LAL,jamesle01,52627153.0,0.0,0.0,52627153.0,1,52627153.0,52627153.0,52627153.0,0
Paul George,PHI,georgpa01,51666090.0,54126380.0,56586670.0,105792470.0,3,162379140.0,54126380.0,51666090.0,2
Kawhi Leonard,LAC,leonaka01,50000000.0,50300000.0,0.0,100300000.0,2,100300000.0,50150000.0,50000000.0,1
Zach LaVine,SAC,lavinza01,47499660.0,48967380.0,0.0,47499660.0,2,96467040.0,48233520.0,47499660.0,1
Donovan Mitchell,CLE,mitchdo01,46394100.0,50105628.0,53817156.0,96499728.0,3,150316884.0,50105628.0,46394100.0,2
Lauri Markkanen,UTA,markkla01,46394100.0,46113154.0,49824681.0,195868144.0,3,142331935.0,47443978.333333336,46394100.0,2
Jamal Murray,DEN,murraja01,46394100.0,50105628.0,53817156.0,207845568.0,3,150316884.0,50105628.0,46394100.0,2
Evan Mobley,CLE,mobleev01,46394100.0,50105628.0,53817156.0,269085780.0,3,150316884.0,50105628.0,46394100.0,2
Cade Cunningham,DET,cunnica01,46394100.0,50105628.0,53817156.0,269085780.0,3,150316884.0,50105628.0,46394100.0,2
Trae Young,ATL,youngtr01,45999660.0,48967380.0,0.0,45999660.0,2,94967040.0,47483520.0,45999660.0,1
Luka Dončić,LAL,doncilu01,45999660.0,49800000.0,53784000.0,149583660.0,3,149583660.0,49861220.0,45999660.0,2
Pascal Siakam,IND,siakapa01,45550512.0,48924624.0,52298736.0,146773872.0,3,146773872.0,48924624.0,45550512.0,2
Anthony Edwards,MIN,edwaran01,45550512.0,48924624.0,52298736.0,202446720.0,3,146773872.0,48924624.0,45550512.0,2
Tyrese Haliburton,IND,halibty01,45550512.0,48924624.0,52298736.0,202446720.0,3,146773872.0,48924624.0,45550512.0,2
Deandre Ayton,POR,aytonde01,43654814.0,8104000.0,0.0,35550814.0,2,51758814.0,25879407.0,43654814.0,1
Domantas Sabonis,SAC,sabondo01,42336000.0,45472000.0,48608000.0,136416000.0,3,136416000.0,45472000.0,42336000.0,2
OG Anunoby,NYK,anunoog01,39568966.0,42500000.0,45431034.0,127500000.0,3,127500000.0,42500000.0,39568966.0,2
Darius Garland,CLE,garlada01,39446090.0,42166510.0,44886930.0,126499530.0,3,126499530.0,42166510.0,39446090.0,2
Zion Williamson,NOP,willizi01,39446090.0,42166510.0,44886930.0,126499530.0,3,126499530.0,42166510.0,39446090.0,2
Ja Morant,MEM,moranja01,39446090.0,42166510.0,44886930.0,126499530.0,3,126499530.0,42166510.0,39446090.0,2
James Harden,LAC,hardeja01,39182693.0,42317307.0,0.0,0.0,2,81500000.0,40750000.0,39182693.0,1
Franz Wagner,ORL,wagnefr01,38661750.0,41754690.0,44847630.0,224238150.0,3,125264070.0,41754690.0,38661750.0,2
Scottie Barnes,TOR,barnesc01,38661750.0,41754690.0,44847630.0,224238150.0,3,125264070.0,41754690.0,38661750.0,2
Shai Gilgeous-Alexander,OKC,gilgesh01,38333050.0,40806150.0,61005000.0,276795400.0,3,140144200.0,46714733.333333336,38333050.0,2
Michael Porter Jr.,BRK,portemi01,38333050.0,40806150.0,0.0,50333050.0,2,79139200.0,39569600.0,38333050.0,1
Brandon Ingram,TOR,ingrabr01,38095238.0,40000000.0,41904762.0,78095238.0,3,120000000.0,40000000.0,38095238.0,2
Tyrese Maxey,PHI,maxeyty01,37958760.0,40770520.0,43582280.0,168705600.0,3,122311560.0,40770520.0,37958760.0,2
LaMelo Ball,CHO,ballla01,37958760.0,40770520.0,43582280.0,168705600.0,3,122311560.0,40770520.0,37958760.0,2
De'Aaron Fox,SAS,foxde01,37096620.0,49800000.0,53784000.0,260200620.0,3,140680620.0,46893540.0,37096620.0,2
Bam Adebayo,MIA,adebaba01,37096620.0,49800000.0,53784000.0,140680620.0,3,140680620.0,46893540.0,37096620.0,2
Desmond Bane,ORL,banede01,36725670.0,39446090.0,42166510.0,163225200.0,3,118338270.0,39446090.0,36725670.0,2
Kyrie Irving,DAL,irvinky01,36566002.0,39491282.0,42416562.0,76057284.0,3,118473846.0,39491282.0,36566002.0,2
Jalen Suggs,ORL,suggsja01,35000000.0,32400000.0,29600000.0,123800000.0,3,97000000.0,32333333.333333332,35000000.0,2
Rudy Gobert,MIN,goberru01,35000000.0,36500000.0,38000000.0,71500000.0,3,109500000.0,36500000.0,35000000.0,2
Jaren Jackson Jr.,MEM,jacksja02,35000000.0,49000000.0,50500000.0,186500000.0,3,134500000.0,44833333.333333336,35000000.0,2
Jalen Brunson,NYK,brunsja01,34944001.0,37739521.0,40535041.0,113218563.0,3,113218563.0,37739521.0,34944001.0,2
Alperen Şengün,HOU,sengual01,33944954.0,35642202.0,37339450.0,145963303.0,3,106926606.0,35642202.0,33944954.0,2
Jalen Green,PHO,greenja05,33584499.0,36251166.0,36000000.0,69835665.0,3,105835665.0,35278555.0,33584499.0,2
Khris Middleton,WAS,middlkh01,33296296.0,0.0,0.0,33296296.0,1,33296296.0,33296296.0,33296296.0,0
Immanuel Quickley,TOR,quickim01,32500000.0,32500000.0,32500000.0,130000000.0,3,97500000.0,32500000.0,32500000.0,2
Jrue Holiday,POR,holidjr01,32400000.0,34800000.0,37200000.0,67200000.0,3,104400000.0,34800000.0,32400000.0,2
Jerami Grant,POR,grantje01,32000001.0,34206898.0,36413790.0,66206899.0,3,102620689.0,34206896.333333336,32000001.0,2
Jordan Poole,NOP,poolejo01,31848215.0,34044642.0,0.0,65892857.0,2,65892857.0,32946428.5,31848215.0,1
Tyler Herro,MIA,herroty01,31000000.0,33000000.0,0.0,64000000.0,2,64000000.0,32000000.0,31000000.0,1
Julius Randle,MIN,randlju01,30864198.0,33333334.0,35802468.0,64197532.0,3,100000000.0,33333333.333333332,30864198.0,2
Dejounte Murray,NOP,murrade01,30801103.0,32785071.0,30751504.0,63586174.0,3,94337678.0,31445892.666666668,30801103.0,2
Kristaps Porziņģis,ATL,porzikr01,30731707.0,0.0,0.0,30731707.0,1,30731707.0,30731707.0,30731707.0,0
CJ McCollum,WAS,mccolcj01,30666666.0,0.0,0.0,30666666.0,1,30666666.0,30666666.0,30666666.0,0
Jalen Johnson,ATL,johnsja05,30000000.0,30000000.0,30000000.0,150000000.0,3,90000000.0,30000000.0,30000000.0,2
Isaiah Hartenstein,OKC,harteis01,28500000.0,28500000.0,0.0,28500000.0,2,57000000.0,28500000.0,28500000.0,1
Andrew Wiggins,MIA,wiggian01,28223215.0,30169644.0,0.0,28223215.0,2,58392859.0,29196429.5,28223215.0,1
Derrick White,BOS,whitede01,28100000.0,30348000.0,32596000.0,91044000.0,3,91044000.0,30348000.0,28100000.0,2
RJ Barrett,TOR,barrerj01,27705357.0,29616071.0,0.0,57321428.0,2,57321428.0,28660714.0,27705357.0,1
Anfernee Simons,BOS,simonan01,27678571.0,0.0,0.0,27678571.0,1,27678571.0,27678571.0,27678571.0,0
Devin Vassell,SAS,vassede01,27000000.0,27000000.0,24652174.0,105652174.0,3,78652174.0,26217391.333333332,27000000.0,2
Duncan Robinson,DET,robindu01,26722692.0,15992957.0,15151222.0,16834692.0,3,57866871.0,19288957.0,26722692.0,2
Marcus Smart,WAS,smartma01,26720855.0,5390700.0,0.0,21586855.0,2,32111555.0,16055777.5,26720855.0,1
Terry Rozier,MIA,roziete01,26643031.0,0.0,0.0,26643031.0,1,26643031.0,26643031.0,26643031.0,0
Tobias Harris,DET,harrito02,26634146.0,0.0,0.0,26634146.0,1,26634146.0,26634146.0,26634146.0,0
John Collins,LAC,collijo01,26580000.0,0.0,0.0,26580000.0,1,26580000.0,26580000.0,26580000.0,0
Draymond Green,GSW,greendr01,25892857.0,27678571.0,0.0,53571428.0,2,53571428.0,26785714.0,25892857.0,1
Nic Claxton,BRK,claxtni01,25352272.0,23147727.0,20943184.0,69443183.0,3,69443183.0,23147727.666666668,25352272.0,2
Myles Turner,MIL,turnemy01,25318251.0,26584164.0,27850077.0,79752492.0,3,79752492.0,26584164.0,25318251.0,2
Trey Murphy III,NOP,murphtr02,25000000.0,27000000.0,29000000.0,112000000.0,3,81000000.0,27000000.0,25000000.0,2
Miles Bridges,CHO,bridgmi02,25000000.0,22826087.0,0.0,47826087.0,2,47826087.0,23913043.5,25000000.0,1
Fred VanVleet,HOU,vanvlfr01,25000000.0,25000000.0,0.0,25000000.0,2,50000000.0,25000000.0,25000000.0,1
Josh Giddey,CHI,giddejo01,25000000.0,25000000.0,25000000.0,100000000.0,3,75000000.0,25000000.0,25000000.0,2
Mikal Bridges,NYK,bridgmi01,24900000.0,33482145.0,36160714.0,133382144.0,3,94542859.0,31514286.333333332,24900000.0,2
DeMar DeRozan,SAC,derozde01,24570000.0,25740000.0,0.0,24570000.0,2,50310000.0,25155000.0,24570000.0,1
Jaden McDaniels,MIN,mcdanja02,24393104.0,26200001.0,28006898.0,108413793.0,3,78600003.0,26200001.0,24393104.0,2
De'Andre Hunter,CLE,huntede01,23303571.0,24910714.0,0.0,48214285.0,2,48214285.0,24107142.5,23303571.0,1
Aaron Gordon,DEN,gordoaa01,22841455.0,33658037.0,36350680.0,92850172.0,3,92850172.0,30950057.333333332,22841455.0,2
Jonathan Kuminga,GSW,kuminjo01,22500000.0,24300000.0,0.0,22500000.0,2,46800000.0,23400000.0,22500000.0,1
Kyle Kuzma,MIL,kuzmaky01,22410605.0,20345152.0,0.0,42755757.0,2,42755757.0,21377878.5,22410605.0,1
Kentavious Caldwell-Pope,MEM,caldwke01,21621500.0,21621500.0,0.0,21621500.0,2,43243000.0,21621500.0,21621500.0,1
Naz Reid,MIN,reidna01,21551724.0,23275862.0,25000000.0,96551724.0,3,69827586.0,23275862.0,21551724.0,2
Nikola Vučević,CHI,vucevni01,21481481.0,0.0,0.0,21481481.0,1,21481481.0,21481481.0,21481481.0,0
Dillon Brooks,PHO,brookdi01,21124110.0,19992727.0,0.0,41116837.0,2,41116837.0,20558418.5,21124110.0,1
Cameron Johnson,DEN,johnsca02,21057065.0,23062500.0,0.0,44119565.0,2,44119565.0,22059782.5,21057065.0,1
Norman Powell,MIA,powelno01,20482758.0,0.0,0.0,20482758.0,1,20482758.0,20482758.0,20482758.0,0
Jarrett Allen,CLE,allenja01,20000000.0,28000000.0,30240000.0,110720000.0,3,78240000.0,26080000.0,20000000.0,2
Jakob Poeltl,TOR,poeltja01,19500000.0,19500000.0,27300000.0,95784000.0,3,66300000.0,22100000.0,19500000.0,2
Josh Hart,NYK,hartjo01,19472240.0,20923760.0,22375280.0,40396000.0,3,62771280.0,20923760.0,19472240.0,2
Jusuf Nurkić,UTA,nurkiju01,19375000.0,0.0,0.0,19375000.0,1,19375000.0,19375000.0,19375000.0,0
Harrison Barnes,SAS,barneha02,19000000.0,0.0,0.0,19000000.0,1,19000000.0,19000000.0,19000000.0,0
Collin Sexton,CHO,sextoco01,18975000.0,0.0,0.0,18975000.0,1,18975000.0,18975000.0,18975000.0,0
Malik Monk,SAC,monkma01,18797619.0,20190035.0,21582451.0,38987654.0,3,60570105.0,20190035.0,18797619.0,2
Santi Aldama,MEM,aldamsa01,18485916.0,17007043.0,17007043.0,35492959.0,3,52500002.0,17500000.666666668,18485916.0,2
Rui Hachimura,LAL,hachiru01,18259259.0,0.0,0.0,18259259.0,1,18259259.0,18259259.0,18259259.0,0
Luguentz Dort,OKC,dortlu01,18222222.0,18222222.0,0.0,18222222.0,2,36444444.0,18222222.0,18222222.0,1
Alex Caruso,OKC,carusal01,18102000.0,19550160.0,20998320.0,81096960.0,3,58650480.0,19550160.0,18102000.0,2
Ivica Zubac,LAC,zubaciv01,18102000.0,19550160.0,20998320.0,58650480.0,3,58650480.0,19550160.0,18102000.0,2
Andrew Nembhard,IND,nembhan01,18102000.0,19550160.0,20998320.0,58650480.0,3,58650480.0,19550160.0,18102000.0,2
Zach Collins,CHI,colliza01,18080496.0,0.0,0.0,18080496.0,1,18080496.0,18080496.0,18080496.0,0
Patrick Williams,CHI,willipa01,18000000.0,18000000.0,18000000.0,54000000.0,3,54000000.0,18000000.0,18000000.0,2
Kevin Huerter,CHI,huertke01,17991071.0,0.0,0.0,17991071.0,1,17991071.0,17991071.0,17991071.0,0
Keldon Johnson,SAS,johnske04,17500000.0,17500000.0,0.0,35000000.0,2,35000000.0,17500000.0,17500000.0,1
Grayson Allen,PHO,allengr01,16875000.0,18125000.0,19375000.0,35000000.0,3,54375000.0,18125000.0,16875000.0,2
Klay Thompson,DAL,thompkl01,16666667.0,17460317.0,0.0,34126984.0,2,34126984.0,17063492.0,16666667.0,1
Jordan Clarkson,UTA,clarkjo01,16581988.0,0.0,0.0,14285714.0,1,16581988.0,16581988.0,16581988.0,0
Bogdan Bogdanović,LAC,bogdabo01,16020000.0,16020000.0,0.0,16020000.0,2,32040000.0,16020000.0,16020000.0,1
Max Strus,CLE,strusma01,15936452.0,16660836.0,0.0,32597288.0,2,32597288.0,16298644.0,15936452.0,1
Terance Mann,BRK,mannte01,15500000.0,15500000.0,16000000.0,47000000.0,3,47000000.0,15666666.666666666,15500000.0,2
Cole Anthony,MEM,anthoco01,15396274.0,0.0,0.0,13100000.0,1,15396274.0,15396274.0,15396274.0,0
Paolo Banchero,ORL,banchpa01,15334769.0,41500000.0,44820000.0,201254769.0,3,101654769.0,33884923.0,15334769.0,2
Nickeil Alexander-Walker,ATL,alexani01,15161800.0,14403710.0,15161800.0,44727310.0,3,44727310.0,14909103.333333334,15161800.0,2
Jonathan Isaac,ORL,isaacjo01,15000000.0,14500000.0,14500000.0,44000000.0,3,44000000.0,14666666.666666666,15000000.0,2
Onyeka Okongwu,ATL,okongon01,15000000.0,16120000.0,16880000.0,48000000.0,3,48000000.0,16000000.0,15000000.0,2
Isaiah Stewart,DET,stewais01,15000000.0,15000000.0,15000000.0,30000000.0,3,45000000.0,15000000.0,15000000.0,2
Daniel Gafford,DAL,gaffoda01,14386320.0,17263584.0,18126763.0,68766609.0,3,49776667.0,16592222.333333334,14386320.0,2
Deni Avdija,POR,avdijde01,14375000.0,13125000.0,11875000.0,39375000.0,3,39375000.0,13125000.0,14375000.0,2
P.J. Washington,DAL,washipj01,14152174.0,19813044.0,21398088.0,102914614.0,3,55363306.0,18454435.333333332,14152174.0,2
Steven Adams,HOU,adamsst01,14130434.0,13000000.0,11869566.0,39000000.0,3,39000000.0,13000000.0,14130434.0,2
Caris LeVert,DET,leverca01,14104000.0,14809200.0,0.0,28913200.0,2,28913200.0,14456600.0,14104000.0,1
Dennis Schröder,SAC,schrode01,14104000.0,14809200.0,15514400.0,28913200.0,3,44427600.0,14809200.0,14104000.0,2
Obi Toppin,IND,toppiob01,14000000.0,15000000.0,16025000.0,45025000.0,3,45025000.0,15008333.333333334,14000000.0,2
Corey Kispert,WAS,kispeco01,13975000.0,13975000.0,13050000.0,41000000.0,3,41000000.0,13666666.666666666,13975000.0,2
Austin Reaves,LAL,reaveau01,13937574.0,14898786.0,0.0,13937574.0,2,28836360.0,14418180.0,13937574.0,1
Herbert Jones,NOP,joneshe01,13937574.0,14898786.0,20858300.0,72221624.0,3,49694660.0,16564886.666666666,13937574.0,2
Cooper Flagg,DAL,flaggco01,13825920.0,14517480.0,15208680.0,28343400.0,3,43552080.0,14517360.0,13825920.0,2
Chet Holmgren,OKC,holmgch01,13731368.0,41500000.0,44820000.0,254431368.0,3,100051368.0,33350456.0,13731368.0,2
Josh Green,CHO,greenjo02,13666667.0,14679012.0,0.0,28345679.0,2,28345679.0,14172839.5,13666667.0,1
Grant Williams,CHO,willigr01,13645500.0,14265750.0,0.0,27911250.0,2,27911250.0,13955625.0,13645500.0,1
Bobby Portis,MIL,portibo01,13445754.0,14521414.0,15597074.0,27967168.0,3,43564242.0,14521414.0,13445754.0,2
Kelly Olynyk,SAS,olynyke01,13445122.0,0.0,0.0,13445122.0,1,13445122.0,13445122.0,13445122.0,0
Victor Wembanyama,SAS,wembavi01,13376880.0,16868246.0,0.0,30245126.0,2,30245126.0,15122563.0,13376880.0,1
Robert Williams,POR,williro04,13285713.0,0.0,0.0,13285713.0,1,13285713.0,13285713.0,13285713.0,0
Zaccharie Risacher,ATL,risacza01,13197720.0,13826040.0,17434637.0,27023760.0,3,44458397.0,14819465.666666666,13197720.0,2
Mitchell Robinson,NYK,robinmi01,12954546.0,0.0,0.0,12954546.0,1,12954546.0,12954546.0,12954546.0,0
Coby White,CHI,whiteco01,12888889.0,0.0,0.0,12888889.0,1,12888889.0,12888889.0,12888889.0,0
Dorian Finney-Smith,HOU,finnedo01,12700000.0,13335000.0,13335000.0,39370000.0,3,39370000.0,13123333.333333334,12700000.0,2
Brandon Clarke,MEM,clarkbr01,12500000.0,12500000.0,0.0,25000000.0,2,25000000.0,12500000.0,12500000.0,1
Dylan Harper,SAS,harpedy01,12370320.0,12989040.0,13607760.0,25359360.0,3,38967120.0,12989040.0,12370320.0,2
Isaiah Joe,OKC,joeis01,12362338.0,11323006.0,11323006.0,23685344.0,3,35008350.0,11669450.0,12362338.0,2
Jabari Smith Jr.,HOU,smithja05,12350392.0,23643411.0,21751940.0,134350392.0,3,57745743.0,19248581.0,12350392.0,2
Donte DiVincenzo,MIN,divindo01,11990000.0,12535000.0,0.0,24525000.0,2,24525000.0,12262500.0,11990000.0,1
Brandon Miller,CHO,millebr02,11968800.0,15104626.0,0.0,27073426.0,2,27073426.0,13536713.0,11968800.0,1
Alex Sarr,WAS,sarral01,11808240.0,12370680.0,15611798.0,24178920.0,3,39790718.0,13263572.666666666,11808240.0,2
Davion Mitchell,MIA,mitchda01,11600000.0,12400000.0,0.0,24000000.0,2,24000000.0,12000000.0,11600000.0,1
Moses Moody,GSW,moodymo01,11574075.0,12500000.0,13425925.0,37500000.0,3,37500000.0,12500000.0,11574075.0,2
Jarred Vanderbilt,LAL,vandeja01,11571429.0,12428571.0,13285714.0,24000000.0,3,37285714.0,12428571.333333334,11571429.0,2
Matisse Thybulle,POR,thybuma01,11550000.0,0.0,0.0,11550000.0,1,11550000.0,11550000.0,11550000.0,0
Gabe Vincent,LAL,vincega01,11500000.0,0.0,0.0,11500000.0,1,11500000.0,11500000.0,11500000.0,0
Keegan Murray,SAC,murrake02,11144093.0,24137936.0,26068965.0,151144093.0,3,61350994.0,20450331.333333332,11144093.0,2
VJ Edgecombe,PHI,edgecvj01,11108880.0,11663880.0,12219720.0,22772760.0,3,34992480.0,11664160.0,11108880.0,2
Maxi Kleber,LAL,klebima01,11000000.0,0.0,0.0,11000000.0,1,11000000.0,11000000.0,11000000.0,0
Isaac Okoro,CHI,okorois01,11000000.0,11814814.0,0.0,22814814.0,2,22814814.0,11407407.0,11000000.0,1
Luke Kennard,ATL,kennalu01,11000000.0,0.0,0.0,11000000.0,1,11000000.0,11000000.0,11000000.0,0
Aaron Nesmith,IND,nesmiaa01,11000000.0,11000000.0,19418000.0,62389440.0,3,41418000.0,13806000.0,11000000.0,2
Luke Kornet,SAS,kornelu01,11000000.0,10450000.0,9900000.0,24000000.0,3,31350000.0,10450000.0,11000000.0,2
Wendell Carter Jr.,ORL,cartewe01,10850000.0,18102000.0,19550160.0,48502160.0,3,48502160.0,16167386.666666666,10850000.0,2
Mike Conley,MIN,conlemi01,10774038.0,0.0,0.0,10774038.0,1,10774038.0,10774038.0,10774038.0,0
Scoot Henderson,POR,hendesc01,10748040.0,13585523.0,0.0,24333563.0,2,24333563.0,12166781.5,10748040.0,1
Reed Sheppard,HOU,sheppre01,10603560.0,11108880.0,14041625.0,21712440.0,3,35754065.0,11918021.666666666,10603560.0,2
Jonas Valančiūnas,DEN,valanjo01,10395000.0,10000000.0,0.0,10395000.0,2,20395000.0,10197500.0,10395000.0,1
Jock Landale,HOU,landajo01,10296274.0,0.0,0.0,8000000.0,1,10296274.0,10296274.0,10296274.0,0
T.J. McConnell,IND,mccontj01,10200000.0,11000000.0,11800000.0,33000000.0,3,33000000.0,11000000.0,10200000.0,2
Royce O'Neale,PHO,onealro01,10125000.0,10875000.0,11625000.0,32625000.0,3,32625000.0,10875000.0,10125000.0,2
Jaden Ivey,DET,iveyja01,10107163.0,0.0,0.0,10107163.0,1,10107163.0,10107163.0,10107163.0,0
Aaron Wiggins,OKC,wiggiaa01,10102803.0,9224300.0,8345797.0,27672900.0,3,27672900.0,9224300.0,10102803.0,2
Sam Hauser,BOS,hausesa01,10044644.0,10848215.0,11651785.0,45000000.0,3,32544644.0,10848214.666666666,10044644.0,2
Kon Knueppel,CHO,knuepko01,10015680.0,10516560.0,11017560.0,20532240.0,3,31549800.0,10516600.0,10015680.0,2
Derrick Jones Jr.,LAC,jonesde02,10000000.0,10476190.0,0.0,20476190.0,2,20476190.0,10238095.0,10000000.0,1
Lonzo Ball,CLE,balllo01,10000000.0,10000000.0,0.0,10000000.0,2,20000000.0,10000000.0,10000000.0,1
Amen Thompson,HOU,thompam01,9690600.0,12258609.0,0.0,21949209.0,2,21949209.0,10974604.5,9690600.0,1
Caleb Martin,DAL,martica02,9594044.0,10001493.0,9371351.0,19595537.0,3,28966888.0,9655629.333333334,9594044.0,2
Stephon Castle,SAS,castlst01,9560520.0,10015920.0,12670139.0,19576440.0,3,32246579.0,10748859.666666666,9560520.0,2
Pat Connaughton,CHO,connapa01,9423869.0,0.0,0.0,9423869.0,1,9423869.0,9423869.0,9423869.0,0
Buddy Hield,GSW,hieldbu01,9219512.0,9658536.0,10097560.0,18878048.0,3,28975608.0,9658536.0,9219512.0,2
Kyle Anderson,UTA,anderky01,9219512.0,9658536.0,0.0,9219512.0,2,18878048.0,9439024.0,9219512.0,1
Bennedict Mathurin,IND,mathube01,9187573.0,0.0,0.0,9187573.0,1,9187573.0,9187573.0,9187573.0,0
Ace Bailey,UTA,baileac01,9069840.0,9523080.0,9976560.0,18592920.0,3,28569480.0,9523160.0,9069840.0,2
Naji Marshall,DAL,marshna01,9000000.0,9428571.0,0.0,18428571.0,2,18428571.0,9214285.5,9000000.0,1
Jalen Smith,CHI,smithja04,9000000.0,9428571.0,0.0,18428571.0,2,18428571.0,9214285.5,9000000.0,1
Ty Jerome,MEM,jeromty01,8781000.0,9220050.0,9659100.0,18001050.0,3,27660150.0,9220050.0,8781000.0,2
Ausar Thompson,DET,thompau01,8775000.0,11117925.0,0.0,19892925.0,2,19892925.0,9946462.5,8775000.0,1
Brook Lopez,LAC,lopezbr01,8750000.0,9187500.0,0.0,8750000.0,2,17937500.0,8968750.0,8750000.0,1
Quentin Grimes,PHI,grimequ01,8741209.0,0.0,0.0,8741209.0,1,8741209.0,8741209.0,8741209.0,0
Ron Holland,DET,hollaro01,8657280.0,9069600.0,11491183.0,17726880.0,3,29218063.0,9739354.333333334,8657280.0,2
Sam Merrill,CLE,merrisa01,8482144.0,9160715.0,9839285.0,38000000.0,3,27482144.0,9160714.666666666,8482144.0,2
Jaylin Williams,OKC,willija07,8450704.0,7774648.0,7774648.0,16225352.0,3,24000000.0,8000000.0,8450704.0,2
Shaedon Sharpe,POR,sharpsh01,8399983.0,20089287.0,21696429.0,98399983.0,3,50185699.0,16728566.333333334,8399983.0,2
Kelly Oubre Jr.,PHI,oubreke01,8382150.0,0.0,0.0,8382150.0,1,8382150.0,8382150.0,8382150.0,0
Goga Bitadze,ORL,bitadgo01,8333333.0,7608696.0,0.0,15942029.0,2,15942029.0,7971014.5,8333333.0,1
Simone Fontecchio,MIA,fontesi01,8307692.0,0.0,0.0,8307692.0,1,8307692.0,8307692.0,8307692.0,0
Tre Johnson,WAS,johnstr03,8237640.0,8649600.0,9061680.0,16887240.0,3,25948920.0,8649640.0,8237640.0,2
Georges Niang,UTA,niangge01,8200000.0,0.0,0.0,8200000.0,1,8200000.0,8200000.0,8200000.0,0
Zeke Nnaji,DEN,nnajize01,8177778.0,7466667.0,7466667.0,15644445.0,3,23111112.0,7703704.0,8177778.0,2
Vasilije Micić,MIL,micicva01,8109150.0,0.0,0.0,8109150.0,1,8109150.0,8109150.0,8109150.0,0
Tre Mann,CHO,manntr01,8000000.0,8000000.0,8000000.0,16000000.0,3,24000000.0,8000000.0,8000000.0,2
Kevon Looney,NOP,looneke01,8000000.0,8000000.0,0.0,8000000.0,2,16000000.0,8000000.0,8000000.0,1
Tre Jones,CHI,jonestr01,8000000.0,8000000.0,8000000.0,16000000.0,3,24000000.0,8000000.0,8000000.0,2
Anthony Black,ORL,blackan01,7970280.0,10106316.0,0.0,18076596.0,2,18076596.0,9038298.0,7970280.0,1
Tidjane Salaün,CHO,salauti01,7863240.0,8237880.0,10445633.0,16101120.0,3,26546753.0,8848917.666666666,7863240.0,2
Max Christie,DAL,chrisma02,7714286.0,8285714.0,8857143.0,16000000.0,3,24857143.0,8285714.333333333,7714286.0,2
Dyson Daniels,ATL,daniedy01,7707709.0,25000000.0,25000000.0,107707709.0,3,57707709.0,19235903.0,7707709.0,2
Isaiah Jackson,IND,jacksis01,7600000.0,7000000.0,6400000.0,21000000.0,3,21000000.0,7000000.0,7600000.0,2
Jeremiah Fears,NOP,fearsje01,7520040.0,7896240.0,8271960.0,15416280.0,3,23688240.0,7896080.0,7520040.0,2
Ayo Dosunmu,CHI,dosunay01,7518518.0,0.0,0.0,7518518.0,1,7518518.0,7518518.0,7518518.0,0
Bilal Coulibaly,WAS,coulibi01,7275600.0,9240012.0,0.0,16515612.0,2,16515612.0,8257806.0,7275600.0,1
Payton Pritchard,BOS,pritcpa01,7232143.0,7767857.0,8303571.0,23303571.0,3,23303571.0,7767857.0,7232143.0,2
Donovan Clingan,POR,clingdo01,7178400.0,7519920.0,9550298.0,14698320.0,3,24248618.0,8082872.666666667,7178400.0,2
Kenrich Williams,OKC,willike04,7163000.0,7163000.0,0.0,7163000.0,2,14326000.0,7163000.0,7163000.0,1
Jeremy Sochan,SAS,sochaje01,7096231.0,0.0,0.0,7096231.0,1,7096231.0,7096231.0,7096231.0,0
Blake Wesley,WAS,weslebl01,7022602.0,0.0,0.0,4726328.0,1,7022602.0,7022602.0,7022602.0,0
Tyus Jones,ORL,jonesty01,7000000.0,0.0,0.0,7000000.0,1,7000000.0,7000000.0,7000000.0,0
Egor Dёmin,BRK,demineg01,6889200.0,7233720.0,7578240.0,14122920.0,3,21701160.0,7233720.0,6889200.0,2
Jevon Carter,CHI,carteje01,6809524.0,0.0,0.0,6809524.0,1,6809524.0,6809524.0,6809524.0,0
Clint Capela,HOU,capelca01,6700000.0,7035000.0,7370000.0,21105000.0,3,21105000.0,7035000.0,6700000.0,2
Ousmane Dieng,OKC,diengou01,6670882.0,0.0,0.0,6670882.0,1,6670882.0,6670882.0,6670882.0,0
Jarace Walker,IND,walkeja02,6665520.0,8478542.0,0.0,15144062.0,2,15144062.0,7572031.0,6665520.0,1
Dean Wade,CLE,wadede01,6623456.0,0.0,0.0,0.0,1,6623456.0,6623456.0,6623456.0,0
Jalen Williams,OKC,willija06,6580997.0,41500000.0,44820000.0,247280997.0,3,92900997.0,30966999.0,6580997.0,2
Rob Dillingham,MIN,dilliro01,6576120.0,6889320.0,8763216.0,13465440.0,3,22228656.0,7409552.0,6576120.0,2
Jalen Duren,DET,durenja01,6483144.0,0.0,0.0,6483144.0,1,6483144.0,6483144.0,6483144.0,0
Ochai Agbaji,TOR,agbajoc01,6383525.0,0.0,0.0,6383525.0,1,6383525.0,6383525.0,6383525.0,0
Collin Murray-Boyles,TOR,murraco01,6332520.0,6649560.0,6966000.0,12982080.0,3,19948080.0,6649360.0,6332520.0,2
Mark Williams,PHO,willima07,6276531.0,0.0,0.0,6276531.0,1,6276531.0,6276531.0,6276531.0,0
Day'Ron Sharpe,BRK,sharpda01,6250000.0,6250000.0,0.0,6250000.0,2,12500000.0,6250000.0,6250000.0,1
Ziaire Williams,BRK,willizi02,6250000.0,6250000.0,0.0,6250000.0,2,12500000.0,6250000.0,6250000.0,1
John Konchar,MEM,konchjo01,6165000.0,6165000.0,0.0,12330000.0,2,12330000.0,6165000.0,6165000.0,1
Taylor Hendricks,UTA,hendrta01,6127080.0,7805900.0,0.0,13932980.0,2,13932980.0,6966490.0,6127080.0,1
Saddiq Bey,NOP,beysa01,6118644.0,6440678.0,0.0,12559322.0,2,12559322.0,6279661.0,6118644.0,1
Zach Edey,MEM,edeyza01,6045000.0,6332760.0,8067937.0,12377760.0,3,20445697.0,6815232.333333333,6045000.0,2
Khaman Maluach,PHO,maluakh01,6016080.0,6316680.0,6617160.0,12332760.0,3,18949920.0,6316640.0,6016080.0,2
Jake LaRavia,LAL,laravja01,6000000.0,6000000.0,0.0,12000000.0,2,12000000.0,6000000.0,6000000.0,1
Jaden Hardy,DAL,hardyja02,6000000.0,6000000.0,6000000.0,12000000.0,3,18000000.0,6000000.0,6000000.0,2
Cam Thomas,BRK,thomaca02,5993172.0,0.0,0.0,5993172.0,1,5993172.0,5993172.0,5993172.0,0
Cason Wallace,OKC,wallaca01,5820240.0,7420806.0,0.0,13241046.0,2,13241046.0,6620523.0,5820240.0,1
Cody Williams,UTA,willico04,5742480.0,6015600.0,7669890.0,11758080.0,3,19427970.0,6475990.0,5742480.0,2
Cedric Coward,MEM,cowarce01,5715120.0,6001080.0,6286920.0,11716200.0,3,18003120.0,6001040.0,5715120.0,2
Al Horford,GSW,horfoal01,5685000.0,5969250.0,0.0,5685000.0,2,11654250.0,5827125.0,5685000.0,1
D'Angelo Russell,DAL,russeda01,5685000.0,5969250.0,0.0,5685000.0,2,11654250.0,5827125.0,5685000.0,1
Tari Eason,HOU,easonta01,5675766.0,0.0,0.0,5675766.0,1,5675766.0,5675766.0,5675766.0,0
Haywood Highsmith,BRK,highsha01,5616000.0,0.0,0.0,5616000.0,1,5616000.0,5616000.0,5616000.0,0
Nicolas Batum,LAC,batumni01,5601600.0,5881680.0,0.0,5601600.0,2,11483280.0,5741640.0,5601600.0,1
Jett Howard,ORL,howarje01,5529720.0,7337939.0,0.0,5529720.0,2,12867659.0,6433829.5,5529720.0,1
Guerschon Yabusele,NYK,yabusgu01,5500000.0,5775000.0,0.0,5500000.0,2,11275000.0,5637500.0,5500000.0,1
Matas Buzelis,CHI,buzelma01,5455560.0,5715360.0,7584283.0,11170920.0,3,18755203.0,6251734.333333333,5455560.0,2
Noa Essengue,CHI,essenno01,5429520.0,5701200.0,5972760.0,11130720.0,3,17103480.0,5701160.0,5429520.0,2
Dario Šarić,SAC,saricda01,5426400.0,0.0,0.0,5426400.0,1,5426400.0,5426400.0,5426400.0,0
Kris Dunn,LAC,dunnkr01,5426400.0,5684800.0,0.0,5426400.0,2,11111200.0,5555600.0,5426400.0,1
Dalen Terry,CHI,terryda01,5399118.0,0.0,0.0,5399118.0,1,5399118.0,5399118.0,5399118.0,0
Paul Reed,DET,reedpa01,5335894.0,5602689.0,0.0,5335894.0,2,10938583.0,5469291.5,5335894.0,1
Dereck Lively II,DAL,livelde01,5253360.0,7239131.0,0.0,12492491.0,2,12492491.0,6246245.5,5253360.0,1
Nikola Topić,OKC,topicni01,5182920.0,5429760.0,7482210.0,10612680.0,3,18094890.0,6031630.0,5182920.0,2
Derik Queen,NOP,queende01,5157960.0,5416080.0,5673840.0,10574040.0,3,16247880.0,5415960.0,5157960.0,2
Kevin Porter Jr.,MIL,porteke02,5134000.0,5390700.0,0.0,5134000.0,2,10524700.0,5262350.0,5134000.0,1
Moritz Wagner,ORL,wagnemo01,5000000.0,0.0,0.0,5000000.0,1,5000000.0,5000000.0,5000000.0,0
Andre Drummond,PHI,drumman01,5000000.0,0.0,0.0,5000000.0,1,5000000.0,5000000.0,5000000.0,0
Nick Richards,PHO,richani01,5000000.0,0.0,0.0,0.0,1,5000000.0,5000000.0,5000000.0,0
Gradey Dick,TOR,dickgr01,4990560.0,7131511.0,0.0,12122071.0,2,12122071.0,6061035.5,4990560.0,1
Malaki Branham,WAS,branhma01,4962033.0,0.0,0.0,4962033.0,1,4962033.0,4962033.0,4962033.0,0
Devin Carter,SAC,cartede02,4923720.0,5158080.0,7370897.0,10081800.0,3,17452697.0,5817565.666666667,4923720.0,2
Christian Braun,DEN,braunch01,4921797.0,21551726.0,23275863.0,129921797.0,3,49749386.0,16583128.666666666,4921797.0,2
Carter Bryant,SAS,bryanca01,4900320.0,5145360.0,5390640.0,10045680.0,3,15436320.0,5145440.0,4900320.0,2
Walker Kessler,UTA,kesslwa01,4878938.0,0.0,0.0,4878938.0,1,4878938.0,4878938.0,4878938.0,0
Jordan Hawkins,NOP,hawkijo01,4741320.0,7021895.0,0.0,11763215.0,2,11763215.0,5881607.5,4741320.0,1
Bub Carrington,WAS,carrica01,4677600.0,4900560.0,7257730.0,9578160.0,3,16835890.0,5611963.333333333,4677600.0,2
Thomas Sorber,OKC,sorbeth01,4655040.0,4887720.0,5120400.0,9542760.0,3,14663160.0,4887720.0,4655040.0,2
Kobe Bufkin,BRK,bufkiko01,4503720.0,0.0,0.0,4503720.0,1,4503720.0,4503720.0,4503720.0,0
Jose Alvarado,NOP,alvarjo01,4500000.0,4500000.0,0.0,4500000.0,2,9000000.0,4500000.0,4500000.0,1
Nikola Jović,MIA,jovicni01,4445417.0,16200000.0,14904000.0,66845417.0,3,35549417.0,11849805.666666666,4445417.0,2
Kel'el Ware,MIA,wareke01,4443360.0,4654920.0,7135992.0,9098280.0,3,16234272.0,5411424.0,4443360.0,2
Yang Hansen,POR,yangha01,4422360.0,4643520.0,4864920.0,9065880.0,3,13930800.0,4643600.0,4422360.0,2
Peyton Watson,DEN,watsope01,4356476.0,0.0,0.0,4356476.0,1,4356476.0,4356476.0,4356476.0,0
Miles McBride,NYK,mcbrimi01,4333333.0,3956523.0,0.0,8289856.0,2,8289856.0,4144928.0,4333333.0,1
Keyonte George,UTA,georgke01,4278960.0,6563925.0,0.0,10842885.0,2,10842885.0,5421442.5,4278960.0,1
Jared McCain,PHI,mccaija01,4221360.0,4422600.0,6784268.0,8643960.0,3,15428228.0,5142742.666666667,4221360.0,2
Joan Beringer,MIN,berinjo01,4201080.0,4411200.0,4621200.0,8612280.0,3,13233480.0,4411160.0,4201080.0,2
Kevin Love,UTA,loveke01,4150000.0,0.0,0.0,4150000.0,1,4150000.0,4150000.0,4150000.0,0
Dalton Knecht,LAL,knechda01,4010160.0,4201080.0,6452860.0,8211240.0,3,14664100.0,4888033.333333333,4010160.0,2
Ryan Rollins,MIL,rolliry01,4000000.0,4000000.0,4000000.0,8000000.0,3,12000000.0,4000000.0,4000000.0,2
Dwight Powell,DAL,poweldw01,4000000.0,0.0,0.0,4000000.0,1,4000000.0,4000000.0,4000000.0,0
Walter Clayton,UTA,claytwa01,3991320.0,4190520.0,4390320.0,8181840.0,3,12572160.0,4190720.0,3991320.0,2
Jaime Jaquez Jr.,MIA,jaqueja01,3861600.0,5939141.0,0.0,9800741.0,2,9800741.0,4900370.5,3861600.0,1
Nolan Traoré,BRK,traorno01,3811560.0,4002000.0,4193040.0,7813560.0,3,12006600.0,4002200.0,3811560.0,2
Tristan Da Silva,ORL,dasiltr01,3809520.0,3991200.0,6138466.0,7800720.0,3,13939186.0,4646395.333333333,3809520.0,2
Gary Trent Jr.,MIL,trentga02,3697105.0,3881960.0,0.0,3697105.0,2,7579065.0,3789532.5,3697105.0,1
Brandin Podziemski,GSW,podzibr01,3687960.0,5679459.0,0.0,9367419.0,2,9367419.0,4683709.5,3687960.0,1
Svi Mykhailiuk,UTA,mykhasv01,3675000.0,3850000.0,4025000.0,0.0,3,11550000.0,3850000.0,3675000.0,2
Kasparas Jakucionis,MIA,jakucka01,3658800.0,3841680.0,4024440.0,7500480.0,3,11524920.0,3841640.0,3658800.0,2
Ja'Kobe Walter,TOR,walteja01,3638160.0,3811800.0,5870172.0,7449960.0,3,13320132.0,4440044.0,3638160.0,2
Gary Harris,MIL,harriga01,3634153.0,3815861.0,0.0,3634153.0,2,7450014.0,3725007.0,3634153.0,1
Cam Whitmore,WAS,whitmca01,3539760.0,5458310.0,0.0,8998070.0,2,8998070.0,4499035.0,3539760.0,1
Will Riley,WAS,rileywi01,3512520.0,3688320.0,3864000.0,7200840.0,3,11064840.0,3688280.0,3512520.0,2
Jaylon Tyson,CLE,tysonja01,3492480.0,3658560.0,5641500.0,7151040.0,3,12792540.0,4264180.0,3492480.0,2
P.J. Tucker,NYK,tuckepj01,3468960.0,0.0,0.0,0.0,1,3468960.0,3468960.0,3468960.0,0
Jaxson Hayes,LAL,hayesja02,3449323.0,0.0,0.0,3449323.0,1,3449323.0,3449323.0,3449323.0,0
Noah Clowney,BRK,clownno01,3398640.0,5414034.0,0.0,8812674.0,2,8812674.0,4406337.0,3398640.0,1
Drake Powell,BRK,poweldr01,3372240.0,3540600.0,3709320.0,6912840.0,3,10622160.0,3540720.0,3372240.0,2
Yves Missi,NOP,missiyv01,3353040.0,3512760.0,5595827.0,6865800.0,3,12461627.0,4153875.6666666665,3353040.0,2
Taurean Prince,MIL,princta02,3303774.0,3815861.0,0.0,3303774.0,2,7119635.0,3559817.5,3303774.0,1
Dariq Whitehead,BRK,whiteda01,3262560.0,0.0,0.0,3262560.0,1,3262560.0,3262560.0,3262560.0,0
Asa Newell,ATL,newelas01,3237480.0,3399480.0,3560880.0,6636960.0,3,10197840.0,3399280.0,3237480.0,2
DaRon Holmes,DEN,holmeda01,3218760.0,3372120.0,5547138.0,6590880.0,3,12138018.0,4046006.0,3218760.0,2
Kris Murray,POR,murrakr01,3132000.0,5315004.0,0.0,8447004.0,2,8447004.0,4223502.0,3132000.0,1
Nique Clifford,SAC,cliffni01,3108120.0,3263400.0,3418800.0,6371520.0,3,9790320.0,3263440.0,3108120.0,2
Nassir Little,PHO,littlna01,3107143.0,3107143.0,3107143.0,12428572.0,3,9321429.0,3107143.0,3107143.0,2
AJ Johnson,WAS,johnsaj01,3090480.0,3237120.0,5493394.0,6327600.0,3,11820994.0,3940331.3333333335,3090480.0,2
De'Anthony Melton,GSW,meltode01,3080921.0,3451779.0,0.0,3080921.0,2,6532700.0,3266350.0,3080921.0,1
Kyle Filipowski,UTA,filipky01,3000000.0,3000000.0,3000000.0,3000000.0,3,9000000.0,3000000.0,3000000.0,2
Shake Milton,LAL,miltosh01,3000000.0,3287406.0,0.0,6287406.0,2,6287406.0,3143703.0,3000000.0,1
Julian Champagnie,SAS,champju02,3000000.0,3000000.0,0.0,0.0,2,6000000.0,3000000.0,3000000.0,1
Ajay Mitchell,OKC,mitchaj01,3000000.0,2850000.0,2850000.0,3000000.0,3,8700000.0,2900000.0,3000000.0,2
Jase Richardson,ORL,richaja02,2983320.0,3132360.0,3282000.0,6115680.0,3,9397680.0,3132560.0,2983320.0,2
Kyshawn George,WAS,georgky01,2966760.0,3108000.0,5435892.0,6074760.0,3,11510652.0,3836884.0,2966760.0,2
Tony Bradley,IND,bradlto01,2940876.0,0.0,0.0,2940876.0,1,2940876.0,2940876.0,2940876.0,0
Marcus Sasser,DET,sassema01,2886720.0,5198983.0,0.0,8085703.0,2,8085703.0,4042851.5,2886720.0,1
Ben Saraf,BRK,sarafbe01,2884560.0,3028560.0,3172920.0,5913120.0,3,9086040.0,3028680.0,2884560.0,2
Pacome Dadiet,NYK,dadiepa01,2847600.0,2983680.0,5373608.0,5831280.0,3,11204888.0,3734962.6666666665,2847600.0,2
Danny Wolf,BRK,wolfda01,2801280.0,2941440.0,3081840.0,5742720.0,3,8824560.0,2941520.0,2801280.0,2
Ben Sheppard,IND,sheppbe01,2790720.0,5031669.0,0.0,7822389.0,2,7822389.0,3911194.5,2790720.0,1
Hugo González,BOS,gonzahu01,2783880.0,2923560.0,3062640.0,5707440.0,3,8770080.0,2923360.0,2783880.0,2
Liam McNeeley,CHO,mcneeli01,2763960.0,2902080.0,3040320.0,5666040.0,3,8706360.0,2902120.0,2763960.0,2
Dillon Jones,WAS,jonesdi01,2753280.0,0.0,0.0,2753280.0,1,2753280.0,2753280.0,2753280.0,0
Yanic Konan Niederhauser,LAC,konanya01,2743800.0,2880960.0,3018480.0,5624760.0,3,8643240.0,2881080.0,2743800.0,2
Nick Smith Jr.,CHO,smithni01,2710680.0,0.0,0.0,2710680.0,1,2710680.0,2710680.0,2710680.0,0
Brice Sensabaugh,UTA,sensabr01,2693760.0,4862237.0,0.0,7555997.0,2,7555997.0,3777998.5,2693760.0,1
Julian Strawther,DEN,strawju01,2674200.0,4826931.0,0.0,7501131.0,2,7501131.0,3750565.5,2674200.0,1
Terrence Shannon Jr.,MIN,shannte01,2674080.0,2801640.0,5054159.0,5475720.0,3,10529879.0,3509959.6666666665,2674080.0,2
Ryan Dunn,PHO,dunnry01,2657760.0,2784240.0,5025553.0,5442000.0,3,10467553.0,3489184.3333333335,2657760.0,2
Kobe Brown,LAC,brownko01,2654880.0,4792059.0,0.0,2654880.0,2,7446939.0,3723469.5,2654880.0,1
Isaiah Collier,UTA,colliis01,2638200.0,2763960.0,4988948.0,5402160.0,3,10391108.0,3463702.6666666665,2638200.0,2
Baylor Scheierman,BOS,scheiba01,2619000.0,2744040.0,4952993.0,5363040.0,3,10316033.0,3438677.6666666665,2619000.0,2
Xavier Tillman Sr.,BOS,tillmxa01,2546675.0,0.0,0.0,2546675.0,1,2546675.0,2546675.0,2546675.0,0
Chuma Okeke,CLE,okekech01,2546675.0,0.0,0.0,0.0,1,2546675.0,2546675.0,2546675.0,0
Cam Spencer,MEM,spencca01,2537989.0,2411090.0,2616754.0,7565833.0,3,7565833.0,2521944.3333333335,2537989.0,2
Luka Garza,BOS,garzalu01,2461463.0,2801346.0,0.0,5262809.0,2,5262809.0,2631404.5,2461463.0,1
Sandro Mamukelashvili,TOR,mamuksa01,2461463.0,2801346.0,0.0,2461463.0,2,5262809.0,2631404.5,2461463.0,1
Trendon Watford,PHI,watfotr01,2461463.0,2801346.0,0.0,2461463.0,2,5262809.0,2631404.5,2461463.0,1
Jericho Sims,MIL,simsje01,2461463.0,2801346.0,0.0,2461463.0,2,5262809.0,2631404.5,2461463.0,1
Dru Smith,MIA,smithdr01,2378870.0,2584539.0,2934742.0,2378870.0,3,7898151.0,2632717.0,2378870.0,2
Josh Minott,BOS,minotjo01,2378870.0,2584539.0,0.0,2378870.0,2,4963409.0,2481704.5,2378870.0,1
Justin Champagnie,WAS,champju01,2349578.0,2667944.0,3005085.0,5017522.0,3,8022607.0,2674202.3333333335,2349578.0,2
Jordan Goodwin,PHO,goodwjo01,2349578.0,0.0,0.0,2349578.0,1,2349578.0,2349578.0,2349578.0,0
Jay Huff,IND,huffja01,2349578.0,2667944.0,3005085.0,2349578.0,3,8022607.0,2674202.3333333335,2349578.0,2
Keon Johnson,BRK,johnske07,2349578.0,0.0,0.0,2349578.0,1,2349578.0,2349578.0,2349578.0,0
Neemias Queta,BOS,quetane01,2349578.0,2667944.0,0.0,0.0,2,5017522.0,2508761.0,2349578.0,1
Vit Krejci,ATL,krejcvi01,2349578.0,2667944.0,3005085.0,0.0,3,8022607.0,2674202.3333333335,2349578.0,2
A.J. Green,MIL,greenaj01,2301587.0,10044644.0,10848215.0,47301587.0,3,23194446.0,7731482.0,2301587.0,2
Keon Ellis,SAC,elliske01,2301587.0,0.0,0.0,2301587.0,1,2301587.0,2301587.0,2301587.0,0
Vince Williams Jr.,MEM,willivi01,2301587.0,2489752.0,0.0,2301587.0,2,4791339.0,2395669.5,2301587.0,1
Chris Boucher,BOS,bouchch01,2296274.0,0.0,0.0,2296274.0,1,2296274.0,2296274.0,2296274.0,0
Ryan Kalkbrenner,CHO,kalkbry01,2296274.0,2411090.0,2525901.0,4707364.0,3,7233265.0,2411088.3333333335,2296274.0,2
Anthony Gill,WAS,gillan01,2296274.0,0.0,0.0,2296274.0,1,2296274.0,2296274.0,2296274.0,0
Marvin Bagley III,WAS,baglema01,2296274.0,0.0,0.0,2296274.0,1,2296274.0,2296274.0,2296274.0,0
Garrett Temple,TOR,templga01,2296274.0,0.0,0.0,2296274.0,1,2296274.0,2296274.0,2296274.0,0
Bismack Biyombo,SAS,biyombi01,2296274.0,0.0,0.0,2296274.0,1,2296274.0,2296274.0,2296274.0,0
Lindy Waters III,SAS,waterli01,2296274.0,0.0,0.0,2296274.0,1,2296274.0,2296274.0,2296274.0,0
Jordan McLaughlin,SAS,mclaujo01,2296274.0,0.0,0.0,2296274.0,1,2296274.0,2296274.0,2296274.0,0
Russell Westbrook,SAC,westbru01,2296274.0,0.0,0.0,2296274.0,1,2296274.0,2296274.0,2296274.0,0
Doug McDermott,SAC,mcderdo01,2296274.0,0.0,0.0,2296274.0,1,2296274.0,2296274.0,2296274.0,0
Drew Eubanks,SAC,eubandr01,2296274.0,0.0,0.0,2296274.0,1,2296274.0,2296274.0,2296274.0,0
Collin Gillespie,PHO,gilleco01,2296274.0,0.0,0.0,2296274.0,1,2296274.0,2296274.0,2296274.0,0
Kyle Lowry,PHI,lowryky01,2296274.0,0.0,0.0,2296274.0,1,2296274.0,2296274.0,2296274.0,0
Eric Gordon,PHI,gordoer01,2296274.0,0.0,0.0,2296274.0,1,2296274.0,2296274.0,2296274.0,0
Landry Shamet,NYK,shamela01,2296274.0,0.0,0.0,2296274.0,1,2296274.0,2296274.0,2296274.0,0
Bones Hyland,MIN,hylanbo01,2296274.0,0.0,0.0,2296274.0,1,2296274.0,2296274.0,2296274.0,0
Joe Ingles,MIN,inglejo01,2296274.0,0.0,0.0,2296274.0,1,2296274.0,2296274.0,2296274.0,0
Thanasis Antetokounmpo,MIL,antetth01,2296274.0,0.0,0.0,2296274.0,1,2296274.0,2296274.0,2296274.0,0
Amir Coffey,MIL,coffeam01,2296274.0,0.0,0.0,2296274.0,1,2296274.0,2296274.0,2296274.0,0
Chris Paul,LAC,paulch01,2296274.0,0.0,0.0,2296274.0,1,2296274.0,2296274.0,2296274.0,0
Jeff Green,HOU,greenje02,2296274.0,0.0,0.0,2296274.0,1,2296274.0,2296274.0,2296274.0,0
Josh Okogie,HOU,okogijo01,2296274.0,0.0,0.0,2296274.0,1,2296274.0,2296274.0,2296274.0,0
Aaron Holiday,HOU,holidaa01,2296274.0,0.0,0.0,2296274.0,1,2296274.0,2296274.0,2296274.0,0
Jae'Sean Tate,HOU,tateja01,2296274.0,0.0,0.0,2296274.0,1,2296274.0,2296274.0,2296274.0,0
Mason Plumlee,CHO,plumlma01,2296274.0,0.0,0.0,2296274.0,1,2296274.0,2296274.0,2296274.0,0
Gary Payton II,GSW,paytoga02,2296274.0,0.0,0.0,2296274.0,1,2296274.0,2296274.0,2296274.0,0
Javonte Green,DET,greenja02,2296274.0,0.0,0.0,2296274.0,1,2296274.0,2296274.0,2296274.0,0
Tim Hardaway Jr.,DEN,hardati02,2296274.0,0.0,0.0,2296274.0,1,2296274.0,2296274.0,2296274.0,0
Bruce Brown,DEN,brownbr01,2296274.0,0.0,0.0,2296274.0,1,2296274.0,2296274.0,2296274.0,0
Dante Exum,DAL,exumda01,2296274.0,0.0,0.0,2296274.0,1,2296274.0,2296274.0,2296274.0,0
Thomas Bryant,CLE,bryanth01,2296274.0,0.0,0.0,2296274.0,1,2296274.0,2296274.0,2296274.0,0
Larry Nance Jr.,CLE,nancela02,2296274.0,0.0,0.0,2296274.0,1,2296274.0,2296274.0,2296274.0,0
Sion James,CHO,jamessi01,2296274.0,2411090.0,2525901.0,4707364.0,3,7233265.0,2411088.3333333335,2296274.0,2
Brandon Williams,DAL,willibr03,2270735.0,0.0,0.0,0.0,1,2270735.0,2270735.0,2270735.0,0
Scotty Pippen Jr.,MEM,pippesc02,2270735.0,2461462.0,2789215.0,2270735.0,3,7521412.0,2507137.3333333335,2270735.0,2
JD Davison,BOS,davisjd01,2270735.0,0.0,0.0,2270735.0,1,2270735.0,2270735.0,2270735.0,0
Moussa Diabaté,CHO,diabamo01,2270735.0,2461462.0,0.0,0.0,2,4732197.0,2366098.5,2270735.0,1
DeAndre Jordan,NOP,jordade01,2269880.0,0.0,0.0,2269880.0,1,2269880.0,2269880.0,2269880.0,0
Toumani Camara,POR,camarto01,2221677.0,18080358.0,19526786.0,83221677.0,3,39828821.0,13276273.666666666,2221677.0,2
Rayan Rupert,POR,ruperra01,2221677.0,0.0,0.0,2221677.0,1,2221677.0,2221677.0,2221677.0,0
Jordan Walsh,BOS,walshjo01,2221677.0,2406205.0,0.0,200000.0,2,4627882.0,2313941.0,2221677.0,1
Ricky Council IV,PHI,councri01,2221677.0,0.0,0.0,2221677.0,1,2221677.0,2221677.0,2221677.0,0
GG Jackson II,MEM,jacksgg01,2221677.0,2406205.0,0.0,2221677.0,2,4627882.0,2313941.0,2221677.0,1
Gui Santos,GSW,santogu01,2221677.0,0.0,0.0,2221677.0,1,2221677.0,2221677.0,2221677.0,0
Jalen Pickett,DEN,pickeja02,2221677.0,2406205.0,0.0,2221677.0,2,4627882.0,2313941.0,2221677.0,1
Hunter Tyson,DEN,tysonhu01,2221677.0,2406205.0,0.0,2221677.0,2,4627882.0,2313941.0,2221677.0,1
Julian Phillips,CHI,phillju01,2221677.0,2406205.0,0.0,2221677.0,2,4627882.0,2313941.0,2221677.0,1
Jalen Wilson,BRK,wilsoja03,2221677.0,0.0,0.0,2221677.0,1,2221677.0,2221677.0,2221677.0,0
Trayce Jackson-Davis,GSW,jackstr02,2221677.0,2406205.0,0.0,0.0,2,4627882.0,2313941.0,2221677.0,1
Duop Reath,POR,reathdu01,2221677.0,0.0,0.0,0.0,1,2221677.0,2221677.0,2221677.0,0
Leonard Miller,MIN,millele01,2221677.0,2406205.0,0.0,0.0,2,4627882.0,2313941.0,2221677.0,1
Andre Jackson Jr.,MIL,jacksan01,2221677.0,2406205.0,0.0,0.0,2,4627882.0,2313941.0,2221677.0,1
Mouhamed Gueye,ATL,gueyemo02,2221677.0,2406205.0,0.0,0.0,2,4627882.0,2313941.0,2221677.0,1
Craig Porter Jr.,CLE,portecr01,2221677.0,2406205.0,0.0,0.0,2,4627882.0,2313941.0,2221677.0,1
JaVale McGee,DAL,mcgeeja01,2208856.0,2208856.0,2208856.0,6626568.0,3,6626568.0,2208856.0,2208856.0,2
Tyler Kolek,NYK,kolekty01,2191897.0,2296271.0,2486995.0,4488168.0,3,6975163.0,2325054.3333333335,2191897.0,2
Tyrese Martin,BRK,martity01,2191897.0,0.0,0.0,2191897.0,1,2191897.0,2191897.0,2191897.0,0
Jaylen Clark,MIN,clarkja02,2191897.0,0.0,0.0,2191897.0,1,2191897.0,2191897.0,2191897.0,0
Precious Achiuwa,SAC,achiupr01,2111516.0,0.0,0.0,2111516.0,1,2111516.0,2111516.0,2111516.0,0
Justin Edwards,PHI,edwarju01,2048494.0,2411090.0,2616754.0,4459584.0,3,7076338.0,2358779.3333333335,2048494.0,2
N'Faly Dante,ATL,nfalyda01,2048494.0,2411090.0,0.0,0.0,2,4459584.0,2229792.0,2048494.0,1
Nigel Hayes-Davis,PHO,hayesni01,2048494.0,0.0,0.0,2048494.0,1,2048494.0,2048494.0,2048494.0,0
Quinten Post,GSW,postqu01,1955377.0,0.0,0.0,1955377.0,1,1955377.0,1955377.0,1955377.0,0
Keshad Johnson,MIA,johnske10,1955377.0,0.0,0.0,1955377.0,1,1955377.0,1955377.0,1955377.0,0
Bobi Klintman,DET,klintbo01,1955377.0,2296271.0,2486995.0,1955377.0,3,6738643.0,2246214.3333333335,1955377.0,2
Drew Timme,BRK,timmedr01,1955377.0,0.0,0.0,1955377.0,1,1955377.0,1955377.0,1955377.0,0
Jamison Battle,TOR,battlja01,1955377.0,2296271.0,0.0,0.0,2,4251648.0,2125824.0,1955377.0,1
Adem Bona,PHI,bonaad01,1955377.0,2296271.0,2486995.0,0.0,3,6738643.0,2246214.3333333335,1955377.0,2
Pelle Larsson,MIA,larsspe01,1955377.0,2296271.0,0.0,0.0,2,4251648.0,2125824.0,1955377.0,1
Isaac Jones,DET,jonesis01,1955377.0,0.0,0.0,1955377.0,1,1955377.0,1955377.0,1955377.0,0
Bronny James,LAL,jamesbr02,1955377.0,2296271.0,2486995.0,1955377.0,3,6738643.0,2246214.3333333335,1955377.0,2
Cam Christie,LAC,chrisca02,1955377.0,2296271.0,2486995.0,1955377.0,3,6738643.0,2246214.3333333335,1955377.0,2
Ariel Hukporti,NYK,hukpoar01,1955377.0,0.0,0.0,1955377.0,1,1955377.0,1955377.0,1955377.0,0
Jonathan Mogbo,TOR,mogbojo01,1955377.0,2296271.0,0.0,1955377.0,2,4251648.0,2125824.0,1955377.0,1
Jamal Shead,TOR,sheadja01,1955377.0,2296271.0,0.0,1955377.0,2,4251648.0,2125824.0,1955377.0,1
Oso Ighodaro,PHO,ighodos01,1955377.0,2296271.0,2486995.0,1955377.0,3,6738643.0,2246214.3333333335,1955377.0,2
Karlo Matković,NOP,matkoka01,1955377.0,2296271.0,0.0,1955377.0,2,4251648.0,2125824.0,1955377.0,1
Jaylen Wells,MEM,wellsja01,1955377.0,2296271.0,2486995.0,1955377.0,3,6738643.0,2246214.3333333335,1955377.0,2
Johnny Furphy,IND,furphjo01,1955377.0,2296271.0,2486995.0,4251648.0,3,6738643.0,2246214.3333333335,1955377.0,2
Tyler Smith,MIL,smithty02,1955377.0,2296271.0,0.0,4251648.0,2,4251648.0,2125824.0,1955377.0,1
Chaz Lanier,DET,laniech01,1372870.0,2150917.0,2525901.0,3523787.0,3,6049688.0,2016562.6666666667,1372870.0,2
Rasheer Fleming,PHO,flemira01,1272870.0,2150917.0,2525901.0,5949688.0,3,5949688.0,1983229.3333333333,1272870.0,2
Johni Broome,PHI,broomjo01,1272870.0,2150917.0,2525901.0,3423787.0,3,5949688.0,1983229.3333333333,1272870.0,2
Noah Penda,ORL,pendano01,1272870.0,2150917.0,2525901.0,3423787.0,3,5949688.0,1983229.3333333333,1272870.0,2
Maxime Raynaud,SAC,raynama01,1272870.0,2150917.0,2525901.0,3423787.0,3,5949688.0,1983229.3333333333,1272870.0,2
Micah Peavy,NOP,peavymi01,1272870.0,2150917.0,2525901.0,3423787.0,3,5949688.0,1983229.3333333333,1272870.0,2
Nikola Djurisic,ATL,djurini01,1272870.0,2150917.0,2525901.0,1272870.0,3,5949688.0,1983229.3333333333,1272870.0,2
Will Richard,GSW,richawi02,1272870.0,2150917.0,2525901.0,3423787.0,3,5949688.0,1983229.3333333333,1272870.0,2
Adou Thiero,LAL,thierad01,1272870.0,2150917.0,2525901.0,3423787.0,3,5949688.0,1983229.3333333333,1272870.0,2
Kam Jones,IND,joneska03,1272870.0,2150917.0,2525901.0,1272870.0,3,5949688.0,1983229.3333333333,1272870.0,2
Tyrese Proctor,CLE,proctty01,1272870.0,2150917.0,2525901.0,3423787.0,3,5949688.0,1983229.3333333333,1272870.0,2
Mohamed Diawara,NYK,diawamo01,1272870.0,0.0,0.0,1272870.0,1,1272870.0,1272870.0,1272870.0,0
Olivier-Maxence Prosper,DAL,prospol01,1002360.0,1002360.0,1002360.0,3007080.0,3,3007080.0,1002360.0,1002360.0,2
James Wiseman,IND,wisemja01,1000000.0,0.0,0.0,1000000.0,1,1000000.0,1000000.0,1000000.0,0
E.J. Liddell,PHO,liddeej01,706898.0,706898.0,0.0,1413796.0,2,1413796.0,706898.0,706898.0,1
Mamadi Diakite,MEM,diakima01,464050.0,464050.0,0.0,928100.0,2,928100.0,464050.0,464050.0,1
Ricky Rubio,CLE,rubiori01,424672.0,424672.0,0.0,849344.0,2,849344.0,424672.0,424672.0,1
Monte Morris,IND,morrimo01,321184.0,0.0,0.0,321184.0,1,321184.0,321184.0,321184.0,0
Didi Louzada,POR,louzama01,268032.0,268032.0,268032.0,1072128.0,3,804096.0,268032.0,268032.0,2
Garrison Mathews,IND,mathega01,263940.0,0.0,0.0,263940.0,1,263940.0,263940.0,263940.0,0
Mac McClung,IND,mccluma01,164060.0,0.0,0.0,164060.0,1,164060.0,164060.0,164060.0,0
Jaden Springer,NOP,sprinja01,70732.0,0.0,0.0,70732.0,1,70732.0,70732.0,70732.0,0
Chris Livingston,MIL,livinch01,0.0,0.0,0.0,2296274.0,0,0.0,0.0,0.0,0
Jeremiah Robinson-Earl,IND,robinje02,0.0,0.0,0.0,263940.0,0,0.0,0.0,0.0,0
